<?xml version="1.0" encoding="UTF-8"?>
<project-private xmlns="http://www.netbeans.org/ns/project-private/1">
    <editor-bookmarks xmlns="http://www.netbeans.org/ns/editor-bookmarks/2" lastBookmarkId="0"/>
    <open-files xmlns="http://www.netbeans.org/ns/projectui-open-files/2">
        <group>
            <file>file:/D:/Bhushan%20Joshi/Battery%20opertaed/SW1.01.001.0098_SOFTWARE%20FOR%20PA79-696_REV%201.0/CHAMP400X.BV1.0/MainBat.c</file>
            <file>file:/D:/Bhushan%20Joshi/Battery%20opertaed/SW1.01.001.0098_SOFTWARE%20FOR%20PA79-696_REV%201.0/CHAMP400X.BV1.0/variable.h</file>
            <file>file:/D:/Bhushan%20Joshi/Battery%20opertaed/SW1.01.001.0098_SOFTWARE%20FOR%20PA79-696_REV%201.0/CHAMP400X.BV1.0/function.h</file>
        </group>
    </open-files>
</project-private>
